INSERT INTO questions (id, type, question, category, difficulty) VALUES (1, 'trivia', 'What is the capital of Japan?', 'Geography', 'easy');
INSERT INTO answers (question_id, answer_text, is_correct, answer_order) VALUES (1, 'Seoul', 0, 0);
INSERT INTO answers (question_id, answer_text, is_correct, answer_order) VALUES (1, 'Tokyo', 1, 1);
INSERT INTO answers (question_id, answer_text, is_correct, answer_order) VALUES (1, 'Beijing', 0, 2);
INSERT INTO answers (question_id, answer_text, is_correct, answer_order) VALUES (1, 'Bangkok', 0, 3);

INSERT INTO questions (id, type, question, category, difficulty) VALUES (2, 'trivia', 'Which planet is known as the Red Planet?', 'Science', 'easy');
INSERT INTO answers (question_id, answer_text, is_correct, answer_order) VALUES (2, 'Venus', 0, 0);
INSERT INTO answers (question_id, answer_text, is_correct, answer_order) VALUES (2, 'Mars', 1, 1);
INSERT INTO answers (question_id, answer_text, is_correct, answer_order) VALUES (2, 'Jupiter', 0, 2);
INSERT INTO answers (question_id, answer_text, is_correct, answer_order) VALUES (2, 'Saturn', 0, 3);

INSERT INTO questions (id, type, question, category, difficulty) VALUES (3, 'trivia', 'What is the largest mammal in the world?', 'Science', 'easy');
INSERT INTO answers (question_id, answer_text, is_correct, answer_order) VALUES (3, 'African Elephant', 0, 0);
INSERT INTO answers (question_id, answer_text, is_correct, answer_order) VALUES (3, 'Blue Whale', 1, 1);
INSERT INTO answers (question_id, answer_text, is_correct, answer_order) VALUES (3, 'Giraffe', 0, 2);
INSERT INTO answers (question_id, answer_text, is_correct, answer_order) VALUES (3, 'Polar Bear', 0, 3);

INSERT INTO questions (id, type, question, category, difficulty) VALUES (4, 'trivia', 'Who painted the Mona Lisa?', 'Art', 'medium');
INSERT INTO answers (question_id, answer_text, is_correct, answer_order) VALUES (4, 'Vincent van Gogh', 0, 0);
INSERT INTO answers (question_id, answer_text, is_correct, answer_order) VALUES (4, 'Pablo Picasso', 0, 1);
INSERT INTO answers (question_id, answer_text, is_correct, answer_order) VALUES (4, 'Leonardo da Vinci', 1, 2);
INSERT INTO answers (question_id, answer_text, is_correct, answer_order) VALUES (4, 'Michelangelo', 0, 3);

INSERT INTO questions (id, type, question, category, difficulty) VALUES (5, 'trivia', 'What is the smallest country in the world?', 'Geography', 'medium');
INSERT INTO answers (question_id, answer_text, is_correct, answer_order) VALUES (5, 'Monaco', 0, 0);
INSERT INTO answers (question_id, answer_text, is_correct, answer_order) VALUES (5, 'San Marino', 0, 1);
INSERT INTO answers (question_id, answer_text, is_correct, answer_order) VALUES (5, 'Vatican City', 1, 2);
INSERT INTO answers (question_id, answer_text, is_correct, answer_order) VALUES (5, 'Liechtenstein', 0, 3);

INSERT INTO questions (id, type, question, category, difficulty) VALUES (6, 'trivia', 'Which element has the chemical symbol ''O''?', 'Science', 'easy');
INSERT INTO answers (question_id, answer_text, is_correct, answer_order) VALUES (6, 'Gold', 0, 0);
INSERT INTO answers (question_id, answer_text, is_correct, answer_order) VALUES (6, 'Oxygen', 1, 1);
INSERT INTO answers (question_id, answer_text, is_correct, answer_order) VALUES (6, 'Silver', 0, 2);
INSERT INTO answers (question_id, answer_text, is_correct, answer_order) VALUES (6, 'Iron', 0, 3);

INSERT INTO questions (id, type, question, category, difficulty) VALUES (7, 'trivia', 'What year did World War II end?', 'History', 'medium');
INSERT INTO answers (question_id, answer_text, is_correct, answer_order) VALUES (7, '1944', 0, 0);
INSERT INTO answers (question_id, answer_text, is_correct, answer_order) VALUES (7, '1945', 1, 1);
INSERT INTO answers (question_id, answer_text, is_correct, answer_order) VALUES (7, '1946', 0, 2);
INSERT INTO answers (question_id, answer_text, is_correct, answer_order) VALUES (7, '1947', 0, 3);

INSERT INTO questions (id, type, question, category, difficulty) VALUES (8, 'trivia', 'Which is the longest river in the world?', 'Geography', 'medium');
INSERT INTO answers (question_id, answer_text, is_correct, answer_order) VALUES (8, 'Amazon River', 0, 0);
INSERT INTO answers (question_id, answer_text, is_correct, answer_order) VALUES (8, 'Nile River', 1, 1);
INSERT INTO answers (question_id, answer_text, is_correct, answer_order) VALUES (8, 'Mississippi River', 0, 2);
INSERT INTO answers (question_id, answer_text, is_correct, answer_order) VALUES (8, 'Yangtze River', 0, 3);

INSERT INTO questions (id, type, question, category, difficulty) VALUES ('9', 'trivia', 'How many continents are there?', 'Geography', 'easy');
INSERT INTO answers (question_id, answer_text, is_correct, answer_order) VALUES (9, '5', 0, 0);
INSERT INTO answers (question_id, answer_text, is_correct, answer_order) VALUES (9, '6', 0, 1);
INSERT INTO answers (question_id, answer_text, is_correct, answer_order) VALUES (9, '7', 1, 2);
INSERT INTO answers (question_id, answer_text, is_correct, answer_order) VALUES (9, '8', 0, 3);

INSERT INTO questions (id, type, question, category, difficulty) VALUES ('10', 'trivia', 'What is the hardest natural substance on Earth?', 'Science', 'easy');
INSERT INTO answers (question_id, answer_text, is_correct, answer_order) VALUES ('10', 'Gold', 0, 0);
INSERT INTO answers (question_id, answer_text, is_correct, answer_order) VALUES ('10', 'Iron', 0, 1);
INSERT INTO answers (question_id, answer_text, is_correct, answer_order) VALUES ('10', 'Diamond', 1, 2);
INSERT INTO answers (question_id, answer_text, is_correct, answer_order) VALUES ('10', 'Platinum', 0, 3);

INSERT INTO questions (id, type, question, category, difficulty) VALUES ('11', 'trivia', 'Who wrote "Romeo and Juliet"?', 'Literature', 'easy');
INSERT INTO answers (question_id, answer_text, is_correct, answer_order) VALUES ('11', 'Charles Dickens', 0, 0);
INSERT INTO answers (question_id, answer_text, is_correct, answer_order) VALUES ('11', 'William Shakespeare', 1, 1);
INSERT INTO answers (question_id, answer_text, is_correct, answer_order) VALUES ('11', 'Jane Austen', 0, 2);
INSERT INTO answers (question_id, answer_text, is_correct, answer_order) VALUES ('11', 'Mark Twain', 0, 3);

INSERT INTO questions (id, type, question, category, difficulty) VALUES ('12', 'trivia', 'What is the chemical formula for water?', 'Science', 'easy');
INSERT INTO answers (question_id, answer_text, is_correct, answer_order) VALUES ('12', 'CO2', 0, 0);
INSERT INTO answers (question_id, answer_text, is_correct, answer_order) VALUES ('12', 'H2O', 1, 1);
INSERT INTO answers (question_id, answer_text, is_correct, answer_order) VALUES ('12', 'NaCl', 0, 2);
INSERT INTO answers (question_id, answer_text, is_correct, answer_order) VALUES ('12', 'O2', 0, 3);

INSERT INTO questions (id, type, question, category, difficulty) VALUES ('13', 'trivia', 'In which year did the Berlin Wall fall?', 'History', 'medium');
INSERT INTO answers (question_id, answer_text, is_correct, answer_order) VALUES ('13', '1987', 0, 0);
INSERT INTO answers (question_id, answer_text, is_correct, answer_order) VALUES ('13', '1988', 0, 1);
INSERT INTO answers (question_id, answer_text, is_correct, answer_order) VALUES ('13', '1989', 1, 2);
INSERT INTO answers (question_id, answer_text, is_correct, answer_order) VALUES ('13', '1990', 0, 3);

INSERT INTO questions (id, type, question, category, difficulty) VALUES ('14', 'trivia', 'What is the speed of light in vacuum?', 'Science', 'hard');
INSERT INTO answers (question_id, answer_text, is_correct, answer_order) VALUES ('14', '299,792,458 m/s', 1, 0);
INSERT INTO answers (question_id, answer_text, is_correct, answer_order) VALUES ('14', '300,000,000 m/s', 0, 1);
INSERT INTO answers (question_id, answer_text, is_correct, answer_order) VALUES ('14', '299,000,000 m/s', 0, 2);
INSERT INTO answers (question_id, answer_text, is_correct, answer_order) VALUES ('14', '301,000,000 m/s', 0, 3);

INSERT INTO questions (id, type, question, category, difficulty) VALUES ('15', 'trivia', 'Which composer wrote "The Four Seasons"?', 'Music', 'medium');
INSERT INTO answers (question_id, answer_text, is_correct, answer_order) VALUES ('15', 'Bach', 0, 0);
INSERT INTO answers (question_id, answer_text, is_correct, answer_order) VALUES ('15', 'Mozart', 0, 1);
INSERT INTO answers (question_id, answer_text, is_correct, answer_order) VALUES ('15', 'Vivaldi', 1, 2);
INSERT INTO answers (question_id, answer_text, is_correct, answer_order) VALUES ('15', 'Beethoven', 0, 3);

INSERT INTO questions (id, type, question, category, difficulty) VALUES ('16', 'question', 'What year did Christopher Columbus reach the Americas?', 'History', 'easy');
INSERT INTO text_answers (question_id, correct_answer, is_primary) VALUES ('16', '1492', 1);
INSERT INTO text_answers (question_id, correct_answer, is_primary) VALUES ('16', '1492', 0);

INSERT INTO questions (id, type, question, category, difficulty) VALUES ('17', 'question', 'What is the square root of 144?', 'Mathematics', 'easy');
INSERT INTO text_answers (question_id, correct_answer, is_primary) VALUES ('17', '12', 1);
INSERT INTO text_answers (question_id, correct_answer, is_primary) VALUES ('17', 'twelve', 0);

INSERT INTO questions (id, type, question, category, difficulty) VALUES ('18', 'question', 'Name the author of "1984".', 'Literature', 'medium');
INSERT INTO text_answers (question_id, correct_answer, is_primary) VALUES ('18', 'George Orwell', 1);
INSERT INTO text_answers (question_id, correct_answer, is_primary) VALUES ('18', 'Orwell', 0);
INSERT INTO text_answers (question_id, correct_answer, is_primary) VALUES ('18', 'george orwell', 0);

INSERT INTO questions (id, type, question, category, difficulty, info) VALUES ('19', 'picture', 'Which famous landmark is shown in this image?', 'Geography', 'easy', '{"imageUrl":"https://upload.wikimedia.org/wikipedia/commons/thumb/a/af/Tour_eiffel_at_sunrise_from_the_trocadero.jpg/640px-Tour_eiffel_at_sunrise_from_the_trocadero.jpg"}');
INSERT INTO answers (question_id, answer_text, is_correct, answer_order) VALUES ('19', 'Big Ben', 0, 0);
INSERT INTO answers (question_id, answer_text, is_correct, answer_order) VALUES ('19', 'Eiffel Tower', 1, 1);
INSERT INTO answers (question_id, answer_text, is_correct, answer_order) VALUES ('19', 'Statue of Liberty', 0, 2);
INSERT INTO answers (question_id, answer_text, is_correct, answer_order) VALUES ('19', 'Sydney Opera House', 0, 3);

INSERT INTO questions (id, type, question, category, difficulty, info) VALUES ('20', 'picture', 'What type of animal is this?', 'Science', 'easy', '{"imageUrl":"https://upload.wikimedia.org/wikipedia/commons/thumb/3/3a/Cat03.jpg/640px-Cat03.jpg"}');
INSERT INTO answers (question_id, answer_text, is_correct, answer_order) VALUES ('20', 'Dog', 0, 0);
INSERT INTO answers (question_id, answer_text, is_correct, answer_order) VALUES ('20', 'Cat', 1, 1);
INSERT INTO answers (question_id, answer_text, is_correct, answer_order) VALUES ('20', 'Rabbit', 0, 2);
INSERT INTO answers (question_id, answer_text, is_correct, answer_order) VALUES ('20', 'Hamster', 0, 3);

INSERT INTO questions (id, type, question, category, difficulty) VALUES ('21', 'trivia', 'Which country has the largest population?', 'Geography', 'easy');
INSERT INTO answers (question_id, answer_text, is_correct, answer_order) VALUES ('21', 'India', 1, 0);
INSERT INTO answers (question_id, answer_text, is_correct, answer_order) VALUES ('21', 'China', 0, 1);
INSERT INTO answers (question_id, answer_text, is_correct, answer_order) VALUES ('21', 'United States', 0, 2);
INSERT INTO answers (question_id, answer_text, is_correct, answer_order) VALUES ('21', 'Indonesia', 0, 3);

INSERT INTO questions (id, type, question, category, difficulty) VALUES ('22', 'trivia', 'What is the capital of Australia?', 'Geography', 'medium');
INSERT INTO answers (question_id, answer_text, is_correct, answer_order) VALUES ('22', 'Sydney', 0, 0);
INSERT INTO answers (question_id, answer_text, is_correct, answer_order) VALUES ('22', 'Melbourne', 0, 1);
INSERT INTO answers (question_id, answer_text, is_correct, answer_order) VALUES ('22', 'Canberra', 1, 2);
INSERT INTO answers (question_id, answer_text, is_correct, answer_order) VALUES ('22', 'Brisbane', 0, 3);

INSERT INTO questions (id, type, question, category, difficulty) VALUES ('23', 'trivia', 'Which ocean is the largest?', 'Geography', 'easy');
INSERT INTO answers (question_id, answer_text, is_correct, answer_order) VALUES ('23', 'Atlantic', 0, 0);
INSERT INTO answers (question_id, answer_text, is_correct, answer_order) VALUES ('23', 'Indian', 0, 1);
INSERT INTO answers (question_id, answer_text, is_correct, answer_order) VALUES ('23', 'Arctic', 0, 2);
INSERT INTO answers (question_id, answer_text, is_correct, answer_order) VALUES ('23', 'Pacific', 1, 3);

INSERT INTO questions (id, type, question, category, difficulty) VALUES ('24', 'trivia', 'Mount Everest is located on the border between which two countries?', 'Geography', 'medium');
INSERT INTO answers (question_id, answer_text, is_correct, answer_order) VALUES ('24', 'India and Pakistan', 0, 0);
INSERT INTO answers (question_id, answer_text, is_correct, answer_order) VALUES ('24', 'Nepal and China', 1, 1);
INSERT INTO answers (question_id, answer_text, is_correct, answer_order) VALUES ('24', 'India and China', 0, 2);
INSERT INTO answers (question_id, answer_text, is_correct, answer_order) VALUES ('24', 'Nepal and India', 0, 3);

INSERT INTO questions (id, type, question, category, difficulty) VALUES ('25', 'trivia', 'Which desert is the largest in the world?', 'Geography', 'hard');
INSERT INTO answers (question_id, answer_text, is_correct, answer_order) VALUES ('25', 'Sahara', 0, 0);
INSERT INTO answers (question_id, answer_text, is_correct, answer_order) VALUES ('25', 'Antarctic Desert', 1, 1);
INSERT INTO answers (question_id, answer_text, is_correct, answer_order) VALUES ('25', 'Arabian Desert', 0, 2);
INSERT INTO answers (question_id, answer_text, is_correct, answer_order) VALUES ('25', 'Gobi Desert', 0, 3);

INSERT INTO questions (id, type, question, category, difficulty) VALUES ('26', 'trivia', 'How many time zones does Russia have?', 'Geography', 'hard');
INSERT INTO answers (question_id, answer_text, is_correct, answer_order) VALUES ('26', '9', 0, 0);
INSERT INTO answers (question_id, answer_text, is_correct, answer_order) VALUES ('26', '11', 1, 1);
INSERT INTO answers (question_id, answer_text, is_correct, answer_order) VALUES ('26', '13', 0, 2);
INSERT INTO answers (question_id, answer_text, is_correct, answer_order) VALUES ('26', '15', 0, 3);

INSERT INTO questions (id, type, question, category, difficulty) VALUES ('27', 'trivia', 'Which country is known as the Land of the Rising Sun?', 'Geography', 'easy');
INSERT INTO answers (question_id, answer_text, is_correct, answer_order) VALUES ('27', 'China', 0, 0);
INSERT INTO answers (question_id, answer_text, is_correct, answer_order) VALUES ('27', 'South Korea', 0, 1);
INSERT INTO answers (question_id, answer_text, is_correct, answer_order) VALUES ('27', 'Japan', 1, 2);
INSERT INTO answers (question_id, answer_text, is_correct, answer_order) VALUES ('27', 'Thailand', 0, 3);

INSERT INTO questions (id, type, question, category, difficulty) VALUES ('28', 'trivia', 'What is the smallest ocean?', 'Geography', 'medium');
INSERT INTO answers (question_id, answer_text, is_correct, answer_order) VALUES ('28', 'Arctic Ocean', 1, 0);
INSERT INTO answers (question_id, answer_text, is_correct, answer_order) VALUES ('28', 'Indian Ocean', 0, 1);
INSERT INTO answers (question_id, answer_text, is_correct, answer_order) VALUES ('28', 'Southern Ocean', 0, 2);
INSERT INTO answers (question_id, answer_text, is_correct, answer_order) VALUES ('28', 'Atlantic Ocean', 0, 3);

INSERT INTO questions (id, type, question, category, difficulty) VALUES ('29', 'trivia', 'Which African country was formerly known as Rhodesia?', 'Geography', 'hard');
INSERT INTO answers (question_id, answer_text, is_correct, answer_order) VALUES ('29', 'Zambia', 0, 0);
INSERT INTO answers (question_id, answer_text, is_correct, answer_order) VALUES ('29', 'Zimbabwe', 1, 1);
INSERT INTO answers (question_id, answer_text, is_correct, answer_order) VALUES ('29', 'Botswana', 0, 2);
INSERT INTO answers (question_id, answer_text, is_correct, answer_order) VALUES ('29', 'Mozambique', 0, 3);

INSERT INTO questions (id, type, question, category, difficulty) VALUES ('30', 'trivia', 'The Amazon Rainforest is primarily located in which country?', 'Geography', 'easy');
INSERT INTO answers (question_id, answer_text, is_correct, answer_order) VALUES ('30', 'Colombia', 0, 0);
INSERT INTO answers (question_id, answer_text, is_correct, answer_order) VALUES ('30', 'Peru', 0, 1);
INSERT INTO answers (question_id, answer_text, is_correct, answer_order) VALUES ('30', 'Brazil', 1, 2);
INSERT INTO answers (question_id, answer_text, is_correct, answer_order) VALUES ('30', 'Venezuela', 0, 3);

INSERT INTO questions (id, type, question, category, difficulty) VALUES ('31', 'trivia', 'Which strait separates Africa and Europe?', 'Geography', 'medium');
INSERT INTO answers (question_id, answer_text, is_correct, answer_order) VALUES ('31', 'Strait of Hormuz', 0, 0);
INSERT INTO answers (question_id, answer_text, is_correct, answer_order) VALUES ('31', 'Strait of Gibraltar', 1, 1);
INSERT INTO answers (question_id, answer_text, is_correct, answer_order) VALUES ('31', 'Bering Strait', 0, 2);
INSERT INTO answers (question_id, answer_text, is_correct, answer_order) VALUES ('31', 'Strait of Malacca', 0, 3);

INSERT INTO questions (id, type, question, category, difficulty) VALUES ('32', 'trivia', 'What is the capital of Canada?', 'Geography', 'easy');
INSERT INTO answers (question_id, answer_text, is_correct, answer_order) VALUES ('32', 'Toronto', 0, 0);
INSERT INTO answers (question_id, answer_text, is_correct, answer_order) VALUES ('32', 'Montreal', 0, 1);
INSERT INTO answers (question_id, answer_text, is_correct, answer_order) VALUES ('32', 'Vancouver', 0, 2);
INSERT INTO answers (question_id, answer_text, is_correct, answer_order) VALUES ('32', 'Ottawa', 1, 3);

INSERT INTO questions (id, type, question, category, difficulty) VALUES ('33', 'trivia', 'Which is the only continent without an active volcano?', 'Geography', 'hard');
INSERT INTO answers (question_id, answer_text, is_correct, answer_order) VALUES ('33', 'Europe', 0, 0);
INSERT INTO answers (question_id, answer_text, is_correct, answer_order) VALUES ('33', 'North America', 0, 1);
INSERT INTO answers (question_id, answer_text, is_correct, answer_order) VALUES ('33', 'South America', 0, 2);
INSERT INTO answers (question_id, answer_text, is_correct, answer_order) VALUES ('33', 'Australia', 1, 3);

INSERT INTO questions (id, type, question, category, difficulty) VALUES ('34', 'trivia', 'The Dead Sea is bordered by which two countries?', 'Geography', 'medium');
INSERT INTO answers (question_id, answer_text, is_correct, answer_order) VALUES ('34', 'Israel and Jordan', 1, 0);
INSERT INTO answers (question_id, answer_text, is_correct, answer_order) VALUES ('34', 'Egypt and Israel', 0, 1);
INSERT INTO answers (question_id, answer_text, is_correct, answer_order) VALUES ('34', 'Jordan and Saudi Arabia', 0, 2);
INSERT INTO answers (question_id, answer_text, is_correct, answer_order) VALUES ('34', 'Lebanon and Israel', 0, 3);

INSERT INTO questions (id, type, question, category, difficulty) VALUES ('35', 'trivia', 'Which U.S. state is the largest by area?', 'Geography', 'easy');
INSERT INTO answers (question_id, answer_text, is_correct, answer_order) VALUES ('35', 'Texas', 0, 0);
INSERT INTO answers (question_id, answer_text, is_correct, answer_order) VALUES ('35', 'California', 0, 1);
INSERT INTO answers (question_id, answer_text, is_correct, answer_order) VALUES ('35', 'Alaska', 1, 2);
INSERT INTO answers (question_id, answer_text, is_correct, answer_order) VALUES ('35', 'Montana', 0, 3);

INSERT INTO questions (id, type, question, category, difficulty) VALUES ('36', 'trivia', 'What is the deepest point in the ocean?', 'Geography', 'medium');
INSERT INTO answers (question_id, answer_text, is_correct, answer_order) VALUES ('36', 'Java Trench', 0, 0);
INSERT INTO answers (question_id, answer_text, is_correct, answer_order) VALUES ('36', 'Mariana Trench', 1, 1);
INSERT INTO answers (question_id, answer_text, is_correct, answer_order) VALUES ('36', 'Puerto Rico Trench', 0, 2);
INSERT INTO answers (question_id, answer_text, is_correct, answer_order) VALUES ('36', 'Philippine Trench', 0, 3);

INSERT INTO questions (id, type, question, category, difficulty) VALUES ('37', 'trivia', 'Which country has the most islands?', 'Geography', 'hard');
INSERT INTO answers (question_id, answer_text, is_correct, answer_order) VALUES ('37', 'Canada', 0, 0);
INSERT INTO answers (question_id, answer_text, is_correct, answer_order) VALUES ('37', 'Finland', 0, 1);
INSERT INTO answers (question_id, answer_text, is_correct, answer_order) VALUES ('37', 'Sweden', 1, 2);
INSERT INTO answers (question_id, answer_text, is_correct, answer_order) VALUES ('37', 'Norway', 0, 3);

INSERT INTO questions (id, type, question, category, difficulty) VALUES ('38', 'trivia', 'What is the longest mountain range in the world?', 'Geography', 'medium');
INSERT INTO answers (question_id, answer_text, is_correct, answer_order) VALUES ('38', 'Himalayas', 0, 0);
INSERT INTO answers (question_id, answer_text, is_correct, answer_order) VALUES ('38', 'Andes', 1, 1);
INSERT INTO answers (question_id, answer_text, is_correct, answer_order) VALUES ('38', 'Rocky Mountains', 0, 2);
INSERT INTO answers (question_id, answer_text, is_correct, answer_order) VALUES ('38', 'Alps', 0, 3);

INSERT INTO questions (id, type, question, category, difficulty) VALUES ('39', 'trivia', 'Which city is located on two continents?', 'Geography', 'medium');
INSERT INTO answers (question_id, answer_text, is_correct, answer_order) VALUES ('39', 'Cairo', 0, 0);
INSERT INTO answers (question_id, answer_text, is_correct, answer_order) VALUES ('39', 'Istanbul', 1, 1);
INSERT INTO answers (question_id, answer_text, is_correct, answer_order) VALUES ('39', 'Moscow', 0, 2);
INSERT INTO answers (question_id, answer_text, is_correct, answer_order) VALUES ('39', 'Jerusalem', 0, 3);

INSERT INTO questions (id, type, question, category, difficulty) VALUES ('40', 'trivia', 'What is the driest place on Earth?', 'Geography', 'hard');
INSERT INTO answers (question_id, answer_text, is_correct, answer_order) VALUES ('40', 'Sahara Desert', 0, 0);
INSERT INTO answers (question_id, answer_text, is_correct, answer_order) VALUES ('40', 'Atacama Desert', 1, 1);
INSERT INTO answers (question_id, answer_text, is_correct, answer_order) VALUES ('40', 'Death Valley', 0, 2);
INSERT INTO answers (question_id, answer_text, is_correct, answer_order) VALUES ('40', 'Antarctica', 0, 3);

INSERT INTO questions (id, type, question, category, difficulty) VALUES ('41', 'trivia', 'How many bones are in the adult human body?', 'Science', 'medium');
INSERT INTO answers (question_id, answer_text, is_correct, answer_order) VALUES ('41', '186', 0, 0);
INSERT INTO answers (question_id, answer_text, is_correct, answer_order) VALUES ('41', '206', 1, 1);
INSERT INTO answers (question_id, answer_text, is_correct, answer_order) VALUES ('41', '226', 0, 2);
INSERT INTO answers (question_id, answer_text, is_correct, answer_order) VALUES ('41', '246', 0, 3);

INSERT INTO questions (id, type, question, category, difficulty) VALUES ('42', 'trivia', 'What is the most abundant gas in Earth''s atmosphere?', 'Science', 'medium');
INSERT INTO answers (question_id, answer_text, is_correct, answer_order) VALUES ('42', 'Oxygen', 0, 0);
INSERT INTO answers (question_id, answer_text, is_correct, answer_order) VALUES ('42', 'Carbon Dioxide', 0, 1);
INSERT INTO answers (question_id, answer_text, is_correct, answer_order) VALUES ('42', 'Nitrogen', 1, 2);
INSERT INTO answers (question_id, answer_text, is_correct, answer_order) VALUES ('42', 'Hydrogen', 0, 3);

INSERT INTO questions (id, type, question, category, difficulty) VALUES ('43', 'trivia', 'What is the powerhouse of the cell?', 'Science', 'easy');
INSERT INTO answers (question_id, answer_text, is_correct, answer_order) VALUES ('43', 'Nucleus', 0, 0);
INSERT INTO answers (question_id, answer_text, is_correct, answer_order) VALUES ('43', 'Mitochondria', 1, 1);
INSERT INTO answers (question_id, answer_text, is_correct, answer_order) VALUES ('43', 'Ribosome', 0, 2);
INSERT INTO answers (question_id, answer_text, is_correct, answer_order) VALUES ('43', 'Golgi apparatus', 0, 3);

INSERT INTO questions (id, type, question, category, difficulty) VALUES ('44', 'trivia', 'Which planet has the most moons?', 'Science', 'medium');
INSERT INTO answers (question_id, answer_text, is_correct, answer_order) VALUES ('44', 'Jupiter', 0, 0);
INSERT INTO answers (question_id, answer_text, is_correct, answer_order) VALUES ('44', 'Saturn', 1, 1);
INSERT INTO answers (question_id, answer_text, is_correct, answer_order) VALUES ('44', 'Uranus', 0, 2);
INSERT INTO answers (question_id, answer_text, is_correct, answer_order) VALUES ('44', 'Neptune', 0, 3);

INSERT INTO questions (id, type, question, category, difficulty) VALUES ('45', 'trivia', 'What is the study of earthquakes called?', 'Science', 'medium');
INSERT INTO answers (question_id, answer_text, is_correct, answer_order) VALUES ('45', 'Geology', 0, 0);
INSERT INTO answers (question_id, answer_text, is_correct, answer_order) VALUES ('45', 'Meteorology', 0, 1);
INSERT INTO answers (question_id, answer_text, is_correct, answer_order) VALUES ('45', 'Seismology', 1, 2);
INSERT INTO answers (question_id, answer_text, is_correct, answer_order) VALUES ('45', 'Volcanology', 0, 3);

INSERT INTO questions (id, type, question, category, difficulty) VALUES ('46', 'trivia', 'What type of animal is a Komodo dragon?', 'Science', 'easy');
INSERT INTO answers (question_id, answer_text, is_correct, answer_order) VALUES ('46', 'Snake', 0, 0);
INSERT INTO answers (question_id, answer_text, is_correct, answer_order) VALUES ('46', 'Lizard', 1, 1);
INSERT INTO answers (question_id, answer_text, is_correct, answer_order) VALUES ('46', 'Crocodile', 0, 2);
INSERT INTO answers (question_id, answer_text, is_correct, answer_order) VALUES ('46', 'Dinosaur', 0, 3);

INSERT INTO questions (id, type, question, category, difficulty) VALUES ('47', 'trivia', 'What is the smallest unit of life?', 'Science', 'easy');
INSERT INTO answers (question_id, answer_text, is_correct, answer_order) VALUES ('47', 'Atom', 0, 0);
INSERT INTO answers (question_id, answer_text, is_correct, answer_order) VALUES ('47', 'Molecule', 0, 1);
INSERT INTO answers (question_id, answer_text, is_correct, answer_order) VALUES ('47', 'Cell', 1, 2);
INSERT INTO answers (question_id, answer_text, is_correct, answer_order) VALUES ('47', 'Organ', 0, 3);

INSERT INTO questions (id, type, question, category, difficulty) VALUES ('48', 'trivia', 'Which metal is liquid at room temperature?', 'Science', 'medium');
INSERT INTO answers (question_id, answer_text, is_correct, answer_order) VALUES ('48', 'Gold', 0, 0);
INSERT INTO answers (question_id, answer_text, is_correct, answer_order) VALUES ('48', 'Mercury', 1, 1);
INSERT INTO answers (question_id, answer_text, is_correct, answer_order) VALUES ('48', 'Silver', 0, 2);
INSERT INTO answers (question_id, answer_text, is_correct, answer_order) VALUES ('48', 'Aluminum', 0, 3);

INSERT INTO questions (id, type, question, category, difficulty) VALUES ('49', 'trivia', 'How many chambers does a human heart have?', 'Science', 'easy');
INSERT INTO answers (question_id, answer_text, is_correct, answer_order) VALUES ('49', '2', 0, 0);
INSERT INTO answers (question_id, answer_text, is_correct, answer_order) VALUES ('49', '3', 0, 1);
INSERT INTO answers (question_id, answer_text, is_correct, answer_order) VALUES ('49', '4', 1, 2);
INSERT INTO answers (question_id, answer_text, is_correct, answer_order) VALUES ('49', '5', 0, 3);

INSERT INTO questions (id, type, question, category, difficulty) VALUES ('50', 'trivia', 'What is the largest organ in the human body?', 'Science', 'medium');
INSERT INTO answers (question_id, answer_text, is_correct, answer_order) VALUES ('50', 'Heart', 0, 0);
INSERT INTO answers (question_id, answer_text, is_correct, answer_order) VALUES ('50', 'Brain', 0, 1);
INSERT INTO answers (question_id, answer_text, is_correct, answer_order) VALUES ('50', 'Liver', 0, 2);
INSERT INTO answers (question_id, answer_text, is_correct, answer_order) VALUES ('50', 'Skin', 1, 3);

INSERT INTO questions (id, type, question, category, difficulty) VALUES ('51', 'trivia', 'What causes tides?', 'Science', 'medium');
INSERT INTO answers (question_id, answer_text, is_correct, answer_order) VALUES ('51', 'Wind', 0, 0);
INSERT INTO answers (question_id, answer_text, is_correct, answer_order) VALUES ('51', 'Earth''s rotation', 0, 1);
INSERT INTO answers (question_id, answer_text, is_correct, answer_order) VALUES ('51', 'Moon''s gravity', 1, 2);
INSERT INTO answers (question_id, answer_text, is_correct, answer_order) VALUES ('51', 'Ocean currents', 0, 3);

INSERT INTO questions (id, type, question, category, difficulty) VALUES ('52', 'trivia', 'What is the pH of pure water?', 'Science', 'medium');
INSERT INTO answers (question_id, answer_text, is_correct, answer_order) VALUES ('52', '5', 0, 0);
INSERT INTO answers (question_id, answer_text, is_correct, answer_order) VALUES ('52', '6', 0, 1);
INSERT INTO answers (question_id, answer_text, is_correct, answer_order) VALUES ('52', '7', 1, 2);
INSERT INTO answers (question_id, answer_text, is_correct, answer_order) VALUES ('52', '8', 0, 3);

INSERT INTO questions (id, type, question, category, difficulty) VALUES ('53', 'trivia', 'Which particle has a positive charge?', 'Science', 'easy');
INSERT INTO answers (question_id, answer_text, is_correct, answer_order) VALUES ('53', 'Electron', 0, 0);
INSERT INTO answers (question_id, answer_text, is_correct, answer_order) VALUES ('53', 'Proton', 1, 1);
INSERT INTO answers (question_id, answer_text, is_correct, answer_order) VALUES ('53', 'Neutron', 0, 2);
INSERT INTO answers (question_id, answer_text, is_correct, answer_order) VALUES ('53', 'Photon', 0, 3);

INSERT INTO questions (id, type, question, category, difficulty) VALUES ('54', 'trivia', 'What is the process by which plants make food?', 'Science', 'easy');
INSERT INTO answers (question_id, answer_text, is_correct, answer_order) VALUES ('54', 'Respiration', 0, 0);
INSERT INTO answers (question_id, answer_text, is_correct, answer_order) VALUES ('54', 'Digestion', 0, 1);
INSERT INTO answers (question_id, answer_text, is_correct, answer_order) VALUES ('54', 'Photosynthesis', 1, 2);
INSERT INTO answers (question_id, answer_text, is_correct, answer_order) VALUES ('54', 'Fermentation', 0, 3);

INSERT INTO questions (id, type, question, category, difficulty) VALUES ('55', 'trivia', 'Which scientist developed the theory of evolution?', 'Science', 'easy');
INSERT INTO answers (question_id, answer_text, is_correct, answer_order) VALUES ('55', 'Isaac Newton', 0, 0);
INSERT INTO answers (question_id, answer_text, is_correct, answer_order) VALUES ('55', 'Charles Darwin', 1, 1);
INSERT INTO answers (question_id, answer_text, is_correct, answer_order) VALUES ('55', 'Albert Einstein', 0, 2);
INSERT INTO answers (question_id, answer_text, is_correct, answer_order) VALUES ('55', 'Galileo Galilei', 0, 3);

INSERT INTO questions (id, type, question, category, difficulty) VALUES ('56', 'trivia', 'What is the speed of sound in air at sea level?', 'Science', 'hard');
INSERT INTO answers (question_id, answer_text, is_correct, answer_order) VALUES ('56', '343 m/s', 1, 0);
INSERT INTO answers (question_id, answer_text, is_correct, answer_order) VALUES ('56', '443 m/s', 0, 1);
INSERT INTO answers (question_id, answer_text, is_correct, answer_order) VALUES ('56', '243 m/s', 0, 2);
INSERT INTO answers (question_id, answer_text, is_correct, answer_order) VALUES ('56', '543 m/s', 0, 3);

INSERT INTO questions (id, type, question, category, difficulty) VALUES ('57', 'trivia', 'What type of electromagnetic radiation has the shortest wavelength?', 'Science', 'hard');
INSERT INTO answers (question_id, answer_text, is_correct, answer_order) VALUES ('57', 'Radio waves', 0, 0);
INSERT INTO answers (question_id, answer_text, is_correct, answer_order) VALUES ('57', 'X-rays', 0, 1);
INSERT INTO answers (question_id, answer_text, is_correct, answer_order) VALUES ('57', 'Gamma rays', 1, 2);
INSERT INTO answers (question_id, answer_text, is_correct, answer_order) VALUES ('57', 'Ultraviolet', 0, 3);

INSERT INTO questions (id, type, question, category, difficulty) VALUES ('58', 'trivia', 'How many chromosomes do humans have?', 'Science', 'medium');
INSERT INTO answers (question_id, answer_text, is_correct, answer_order) VALUES ('58', '23', 0, 0);
INSERT INTO answers (question_id, answer_text, is_correct, answer_order) VALUES ('58', '46', 1, 1);
INSERT INTO answers (question_id, answer_text, is_correct, answer_order) VALUES ('58', '48', 0, 2);
INSERT INTO answers (question_id, answer_text, is_correct, answer_order) VALUES ('58', '52', 0, 3);

INSERT INTO questions (id, type, question, category, difficulty) VALUES ('59', 'trivia', 'What is the densest planet in our solar system?', 'Science', 'hard');
INSERT INTO answers (question_id, answer_text, is_correct, answer_order) VALUES ('59', 'Earth', 1, 0);
INSERT INTO answers (question_id, answer_text, is_correct, answer_order) VALUES ('59', 'Mercury', 0, 1);
INSERT INTO answers (question_id, answer_text, is_correct, answer_order) VALUES ('59', 'Venus', 0, 2);
INSERT INTO answers (question_id, answer_text, is_correct, answer_order) VALUES ('59', 'Mars', 0, 3);

INSERT INTO questions (id, type, question, category, difficulty) VALUES ('60', 'trivia', 'What phenomenon causes the northern lights?', 'Science', 'medium');
INSERT INTO answers (question_id, answer_text, is_correct, answer_order) VALUES ('60', 'Reflection of sunlight', 0, 0);
INSERT INTO answers (question_id, answer_text, is_correct, answer_order) VALUES ('60', 'Solar wind particles', 1, 1);
INSERT INTO answers (question_id, answer_text, is_correct, answer_order) VALUES ('60', 'Lightning', 0, 2);
INSERT INTO answers (question_id, answer_text, is_correct, answer_order) VALUES ('60', 'Volcanic activity', 0, 3);

INSERT INTO questions (id, type, question, category, difficulty) VALUES ('61', 'trivia', 'Who was the first President of the United States?', 'History', 'easy');
INSERT INTO answers (question_id, answer_text, is_correct, answer_order) VALUES ('61', 'Thomas Jefferson', 0, 0);
INSERT INTO answers (question_id, answer_text, is_correct, answer_order) VALUES ('61', 'George Washington', 1, 1);
INSERT INTO answers (question_id, answer_text, is_correct, answer_order) VALUES ('61', 'John Adams', 0, 2);
INSERT INTO answers (question_id, answer_text, is_correct, answer_order) VALUES ('61', 'Benjamin Franklin', 0, 3);

INSERT INTO questions (id, type, question, category, difficulty) VALUES ('62', 'trivia', 'In which year did the Titanic sink?', 'History', 'medium');
INSERT INTO answers (question_id, answer_text, is_correct, answer_order) VALUES ('62', '1910', 0, 0);
INSERT INTO answers (question_id, answer_text, is_correct, answer_order) VALUES ('62', '1911', 0, 1);
INSERT INTO answers (question_id, answer_text, is_correct, answer_order) VALUES ('62', '1912', 1, 2);
INSERT INTO answers (question_id, answer_text, is_correct, answer_order) VALUES ('62', '1913', 0, 3);

INSERT INTO questions (id, type, question, category, difficulty) VALUES ('63', 'trivia', 'Who was known as the Iron Lady?', 'History', 'medium');
INSERT INTO answers (question_id, answer_text, is_correct, answer_order) VALUES ('63', 'Angela Merkel', 0, 0);
INSERT INTO answers (question_id, answer_text, is_correct, answer_order) VALUES ('63', 'Margaret Thatcher', 1, 1);
INSERT INTO answers (question_id, answer_text, is_correct, answer_order) VALUES ('63', 'Golda Meir', 0, 2);
INSERT INTO answers (question_id, answer_text, is_correct, answer_order) VALUES ('63', 'Indira Gandhi', 0, 3);

INSERT INTO questions (id, type, question, category, difficulty) VALUES ('64', 'trivia', 'Which ancient wonder of the world still stands today?', 'History', 'easy');
INSERT INTO answers (question_id, answer_text, is_correct, answer_order) VALUES ('64', 'Colossus of Rhodes', 0, 0);
INSERT INTO answers (question_id, answer_text, is_correct, answer_order) VALUES ('64', 'Great Pyramid of Giza', 1, 1);
INSERT INTO answers (question_id, answer_text, is_correct, answer_order) VALUES ('64', 'Hanging Gardens of Babylon', 0, 2);
INSERT INTO answers (question_id, answer_text, is_correct, answer_order) VALUES ('64', 'Lighthouse of Alexandria', 0, 3);

INSERT INTO questions (id, type, question, category, difficulty) VALUES ('65', 'trivia', 'What year did the American Civil War begin?', 'History', 'medium');
INSERT INTO answers (question_id, answer_text, is_correct, answer_order) VALUES ('65', '1859', 0, 0);
INSERT INTO answers (question_id, answer_text, is_correct, answer_order) VALUES ('65', '1860', 0, 1);
INSERT INTO answers (question_id, answer_text, is_correct, answer_order) VALUES ('65', '1861', 1, 2);
INSERT INTO answers (question_id, answer_text, is_correct, answer_order) VALUES ('65', '1862', 0, 3);

INSERT INTO questions (id, type, question, category, difficulty) VALUES ('66', 'trivia', 'Who was the first person to walk on the moon?', 'History', 'easy');
INSERT INTO answers (question_id, answer_text, is_correct, answer_order) VALUES ('66', 'Buzz Aldrin', 0, 0);
INSERT INTO answers (question_id, answer_text, is_correct, answer_order) VALUES ('66', 'Neil Armstrong', 1, 1);
INSERT INTO answers (question_id, answer_text, is_correct, answer_order) VALUES ('66', 'Yuri Gagarin', 0, 2);
INSERT INTO answers (question_id, answer_text, is_correct, answer_order) VALUES ('66', 'John Glenn', 0, 3);

INSERT INTO questions (id, type, question, category, difficulty) VALUES ('67', 'trivia', 'Which empire built Machu Picchu?', 'History', 'medium');
INSERT INTO answers (question_id, answer_text, is_correct, answer_order) VALUES ('67', 'Aztec', 0, 0);
INSERT INTO answers (question_id, answer_text, is_correct, answer_order) VALUES ('67', 'Maya', 0, 1);
INSERT INTO answers (question_id, answer_text, is_correct, answer_order) VALUES ('67', 'Inca', 1, 2);
INSERT INTO answers (question_id, answer_text, is_correct, answer_order) VALUES ('67', 'Olmec', 0, 3);

INSERT INTO questions (id, type, question, category, difficulty) VALUES ('68', 'trivia', 'Who invented the printing press?', 'History', 'medium');
INSERT INTO answers (question_id, answer_text, is_correct, answer_order) VALUES ('68', 'Leonardo da Vinci', 0, 0);
INSERT INTO answers (question_id, answer_text, is_correct, answer_order) VALUES ('68', 'Johannes Gutenberg', 1, 1);
INSERT INTO answers (question_id, answer_text, is_correct, answer_order) VALUES ('68', 'Benjamin Franklin', 0, 2);
INSERT INTO answers (question_id, answer_text, is_correct, answer_order) VALUES ('68', 'Thomas Edison', 0, 3);

INSERT INTO questions (id, type, question, category, difficulty) VALUES ('69', 'trivia', 'What year did the French Revolution begin?', 'History', 'medium');
INSERT INTO answers (question_id, answer_text, is_correct, answer_order) VALUES ('69', '1776', 0, 0);
INSERT INTO answers (question_id, answer_text, is_correct, answer_order) VALUES ('69', '1783', 0, 1);
INSERT INTO answers (question_id, answer_text, is_correct, answer_order) VALUES ('69', '1789', 1, 2);
INSERT INTO answers (question_id, answer_text, is_correct, answer_order) VALUES ('69', '1792', 0, 3);

INSERT INTO questions (id, type, question, category, difficulty) VALUES ('70', 'trivia', 'Who was the first Emperor of Rome?', 'History', 'medium');
INSERT INTO answers (question_id, answer_text, is_correct, answer_order) VALUES ('70', 'Julius Caesar', 0, 0);
INSERT INTO answers (question_id, answer_text, is_correct, answer_order) VALUES ('70', 'Augustus', 1, 1);
INSERT INTO answers (question_id, answer_text, is_correct, answer_order) VALUES ('70', 'Nero', 0, 2);
INSERT INTO answers (question_id, answer_text, is_correct, answer_order) VALUES ('70', 'Marcus Aurelius', 0, 3);

INSERT INTO questions (id, type, question, category, difficulty) VALUES ('71', 'trivia', 'Which war was fought between the North and South regions of America?', 'History', 'easy');
INSERT INTO answers (question_id, answer_text, is_correct, answer_order) VALUES ('71', 'Revolutionary War', 0, 0);
INSERT INTO answers (question_id, answer_text, is_correct, answer_order) VALUES ('71', 'Civil War', 1, 1);
INSERT INTO answers (question_id, answer_text, is_correct, answer_order) VALUES ('71', 'War of 1812', 0, 2);
INSERT INTO answers (question_id, answer_text, is_correct, answer_order) VALUES ('71', 'Spanish-American War', 0, 3);

INSERT INTO questions (id, type, question, category, difficulty) VALUES ('72', 'trivia', 'Who discovered America in 1492?', 'History', 'easy');
INSERT INTO answers (question_id, answer_text, is_correct, answer_order) VALUES ('72', 'Amerigo Vespucci', 0, 0);
INSERT INTO answers (question_id, answer_text, is_correct, answer_order) VALUES ('72', 'Christopher Columbus', 1, 1);
INSERT INTO answers (question_id, answer_text, is_correct, answer_order) VALUES ('72', 'Leif Erikson', 0, 2);
INSERT INTO answers (question_id, answer_text, is_correct, answer_order) VALUES ('72', 'Ferdinand Magellan', 0, 3);

INSERT INTO questions (id, type, question, category, difficulty) VALUES ('73', 'trivia', 'What was the name of the ship on which Charles Darwin made his voyage?', 'History', 'hard');
INSERT INTO answers (question_id, answer_text, is_correct, answer_order) VALUES ('73', 'HMS Victory', 0, 0);
INSERT INTO answers (question_id, answer_text, is_correct, answer_order) VALUES ('73', 'HMS Beagle', 1, 1);
INSERT INTO answers (question_id, answer_text, is_correct, answer_order) VALUES ('73', 'HMS Endeavour', 0, 2);
INSERT INTO answers (question_id, answer_text, is_correct, answer_order) VALUES ('73', 'HMS Discovery', 0, 3);

INSERT INTO questions (id, type, question, category, difficulty) VALUES ('74', 'trivia', 'Which Egyptian queen had relationships with Julius Caesar and Mark Antony?', 'History', 'medium');
INSERT INTO answers (question_id, answer_text, is_correct, answer_order) VALUES ('74', 'Nefertiti', 0, 0);
INSERT INTO answers (question_id, answer_text, is_correct, answer_order) VALUES ('74', 'Cleopatra', 1, 1);
INSERT INTO answers (question_id, answer_text, is_correct, answer_order) VALUES ('74', 'Hatshepsut', 0, 2);
INSERT INTO answers (question_id, answer_text, is_correct, answer_order) VALUES ('74', 'Ankhesenamun', 0, 3);

INSERT INTO questions (id, type, question, category, difficulty) VALUES ('75', 'trivia', 'In which year did India gain independence from Britain?', 'History', 'medium');
INSERT INTO answers (question_id, answer_text, is_correct, answer_order) VALUES ('75', '1945', 0, 0);
INSERT INTO answers (question_id, answer_text, is_correct, answer_order) VALUES ('75', '1946', 0, 1);
INSERT INTO answers (question_id, answer_text, is_correct, answer_order) VALUES ('75', '1947', 1, 2);
INSERT INTO answers (question_id, answer_text, is_correct, answer_order) VALUES ('75', '1948', 0, 3);

INSERT INTO questions (id, type, question, category, difficulty) VALUES ('76', 'trivia', 'Who was the leader of the Soviet Union during World War II?', 'History', 'medium');
INSERT INTO answers (question_id, answer_text, is_correct, answer_order) VALUES ('76', 'Vladimir Lenin', 0, 0);
INSERT INTO answers (question_id, answer_text, is_correct, answer_order) VALUES ('76', 'Joseph Stalin', 1, 1);
INSERT INTO answers (question_id, answer_text, is_correct, answer_order) VALUES ('76', 'Nikita Khrushchev', 0, 2);
INSERT INTO answers (question_id, answer_text, is_correct, answer_order) VALUES('76', 'Leonidas Bresznev', 0, 3);

INSERT INTO questions (id, type, question, category, difficulty) VALUES ('77', 'trivia', 'What year did the Black Death begin in Europe?', 'History', 'hard');
INSERT INTO answers (question_id, answer_text, is_correct, answer_order) VALUES ('77', '1247', 0, 0);
INSERT INTO answers (question_id, answer_text, is_correct, answer_order) VALUES ('77', '1347', 1, 1);
INSERT INTO answers (question_id, answer_text, is_correct, answer_order) VALUES ('77', '1447', 0, 2);
INSERT INTO answers (question_id, answer_text, is_correct, answer_order) VALUES ('77', '1547', 0, 3);

INSERT INTO questions (id, type, question, category, difficulty) VALUES ('78', 'trivia', 'Which country gifted the Statue of Liberty to the United States?', 'History', 'easy');
INSERT INTO answers (question_id, answer_text, is_correct, answer_order) VALUES ('78', 'England', 0, 0);
INSERT INTO answers (question_id, answer_text, is_correct, answer_order) VALUES ('78', 'France', 1, 1);
INSERT INTO answers (question_id, answer_text, is_correct, answer_order) VALUES ('78', 'Spain', 0, 2);
INSERT INTO answers (question_id, answer_text, is_correct, answer_order) VALUES ('78', 'Italy', 0, 3);

INSERT INTO questions (id, type, question, category, difficulty) VALUES ('79', 'trivia', 'Who was the first female Prime Minister of the United Kingdom?', 'History', 'easy');
INSERT INTO answers (question_id, answer_text, is_correct, answer_order) VALUES ('79', 'Margaret Thatcher', 1, 0);
INSERT INTO answers (question_id, answer_text, is_correct, answer_order) VALUES ('79', 'Theresa May', 0, 1);
INSERT INTO answers (question_id, answer_text, is_correct, answer_order) VALUES ('79', 'Elizabeth Truss', 0, 2);
INSERT INTO answers (question_id, answer_text, is_correct, answer_order) VALUES ('79', 'None of the above', 0, 3);

INSERT INTO questions (id, type, question, category, difficulty) VALUES ('80', 'trivia', 'Which war ended with the Treaty of Versailles?', 'History', 'medium');
INSERT INTO answers (question_id, answer_text, is_correct, answer_order) VALUES ('80', 'Franco-Prussian War', 0, 0);
INSERT INTO answers (question_id, answer_text, is_correct, answer_order) VALUES ('80', 'World War I', 1, 1);
INSERT INTO answers (question_id, answer_text, is_correct, answer_order) VALUES ('80', 'World War II', 0, 2);
INSERT INTO answers (question_id, answer_text, is_correct, answer_order) VALUES ('80', 'Napoleonic Wars', 0, 3);

INSERT INTO questions (id, type, question, category, difficulty) VALUES ('81', 'trivia', 'Who wrote "Pride and Prejudice"?', 'Literature', 'easy');
INSERT INTO answers (question_id, answer_text, is_correct, answer_order) VALUES ('81', 'Charlotte Brontë', 0, 0);
INSERT INTO answers (question_id, answer_text, is_correct, answer_order) VALUES ('81', 'Jane Austen', 1, 1);
INSERT INTO answers (question_id, answer_text, is_correct, answer_order) VALUES ('81', 'Emily Dickinson', 0, 2);
INSERT INTO answers (question_id, answer_text, is_correct, answer_order) VALUES ('81', 'Virginia Woolf', 0, 3);

INSERT INTO questions (id, type, question, category, difficulty) VALUES ('82', 'trivia', 'In which Shakespeare play does the character Hamlet appear?', 'Literature', 'easy');
INSERT INTO answers (question_id, answer_text, is_correct, answer_order) VALUES ('82', 'Othello', 0, 0);
INSERT INTO answers (question_id, answer_text, is_correct, answer_order) VALUES ('82', 'Macbeth', 0, 1);
INSERT INTO answers (question_id, answer_text, is_correct, answer_order) VALUES ('82', 'Hamlet', 1, 2);
INSERT INTO answers (question_id, answer_text, is_correct, answer_order) VALUES ('82', 'King Lear', 0, 3);

INSERT INTO questions (id, type, question, category, difficulty) VALUES ('83', 'trivia', 'Who wrote "To Kill a Mockingbird"?', 'Literature', 'medium');
INSERT INTO answers (question_id, answer_text, is_correct, answer_order) VALUES ('83', 'Harper Lee', 1, 0);
INSERT INTO answers (question_id, answer_text, is_correct, answer_order) VALUES ('83', 'Mark Twain', 0, 1);
INSERT INTO answers (question_id, answer_text, is_correct, answer_order) VALUES ('83', 'John Steinbeck', 0, 2);
INSERT INTO answers (question_id, answer_text, is_correct, answer_order) VALUES ('83', 'F. Scott Fitzgerald', 0, 3);

INSERT INTO questions (id, type, question, category, difficulty) VALUES ('84', 'trivia', 'What is the first book of the Harry Potter series?', 'Literature', 'easy');
INSERT INTO answers (question_id, answer_text, is_correct, answer_order) VALUES ('84', 'Chamber of Secrets', 0, 0);
INSERT INTO answers (question_id, answer_text, is_correct, answer_order) VALUES ('84', 'Philosopher''s Stone', 1, 1);
INSERT INTO answers (question_id, answer_text, is_correct, answer_order) VALUES ('84', 'Prisoner of Azkaban', 0, 2);
INSERT INTO answers (question_id, answer_text, is_correct, answer_order) VALUES ('84', 'Goblet of Fire', 0, 3);

INSERT INTO questions (id, type, question, category, difficulty) VALUES ('85', 'trivia', 'Who wrote "The Great Gatsby"?', 'Literature', 'medium');
INSERT INTO answers (question_id, answer_text, is_correct, answer_order) VALUES ('85', 'Ernest Hemingway', 0, 0);
INSERT INTO answers (question_id, answer_text, is_correct, answer_order) VALUES ('85', 'F. Scott Fitzgerald', 1, 1);
INSERT INTO answers (question_id, answer_text, is_correct, answer_order) VALUES ('85', 'William Faulkner', 0, 2);
INSERT INTO answers (question_id, answer_text, is_correct, answer_order) VALUES ('85', 'John Steinbeck', 0, 3);

INSERT INTO questions (id, type, question, category, difficulty) VALUES ('86', 'trivia', 'Which novel begins with "Call me Ishmael"?', 'Literature', 'medium');
INSERT INTO answers (question_id, answer_text, is_correct, answer_order) VALUES ('86', 'Moby Dick', 1, 0);
INSERT INTO answers (question_id, answer_text, is_correct, answer_order) VALUES ('86', 'The Old Man and the Sea', 0, 1);
INSERT INTO answers (question_id, answer_text, is_correct, answer_order) VALUES ('86', 'Twenty Thousand Leagues Under the Sea', 0, 2);
INSERT INTO answers (question_id, answer_text, is_correct, answer_order) VALUES ('86', 'Robinson Crusoe', 0, 3);

INSERT INTO questions (id, type, question, category, difficulty) VALUES ('87', 'trivia', 'Who wrote the epic poem "Paradise Lost"?', 'Literature', 'hard');
INSERT INTO answers (question_id, answer_text, is_correct, answer_order) VALUES ('87', 'William Shakespeare', 0, 0);
INSERT INTO answers (question_id, answer_text, is_correct, answer_order) VALUES ('87', 'John Milton', 1, 1);
INSERT INTO answers (question_id, answer_text, is_correct, answer_order) VALUES ('87', 'Geoffrey Chaucer', 0, 2);
INSERT INTO answers (question_id, answer_text, is_correct, answer_order) VALUES ('87', 'Dante Alighieri', 0, 3);

INSERT INTO questions (id, type, question, category, difficulty) VALUES ('88', 'trivia', 'What is the pen name of Samuel Clemens?', 'Literature', 'medium');
INSERT INTO answers (question_id, answer_text, is_correct, answer_order) VALUES ('88', 'Mark Twain', 1, 0);
INSERT INTO answers (question_id, answer_text, is_correct, answer_order) VALUES ('88', 'O. Henry', 0, 1);
INSERT INTO answers (question_id, answer_text, is_correct, answer_order) VALUES ('88', 'Lewis Carroll', 0, 2);
INSERT INTO answers (question_id, answer_text, is_correct, answer_order) VALUES ('88', 'George Orwell', 0, 3);

INSERT INTO questions (id, type, question, category, difficulty) VALUES ('89', 'trivia', 'Who wrote "One Hundred Years of Solitude"?', 'Literature', 'hard');
INSERT INTO answers (question_id, answer_text, is_correct, answer_order) VALUES ('89', 'Pablo Neruda', 0, 0);
INSERT INTO answers (question_id, answer_text, is_correct, answer_order) VALUES ('89', 'Gabriel García Márquez', 1, 1);
INSERT INTO answers (question_id, answer_text, is_correct, answer_order) VALUES ('89', 'Jorge Luis Borges', 0, 2);
INSERT INTO answers (question_id, answer_text, is_correct, answer_order) VALUES ('89', 'Isabel Allende', 0, 3);

INSERT INTO questions (id, type, question, category, difficulty) VALUES ('90', 'trivia', 'In which city is Shakespeare''s "Romeo and Juliet" set?', 'Literature', 'medium');
INSERT INTO answers (question_id, answer_text, is_correct, answer_order) VALUES ('90', 'Venice', 0, 0);
INSERT INTO answers (question_id, answer_text, is_correct, answer_order) VALUES ('90', 'Florence', 0, 1);
INSERT INTO answers (question_id, answer_text, is_correct, answer_order) VALUES ('90', 'Verona', 1, 2);
INSERT INTO answers (question_id, answer_text, is_correct, answer_order) VALUES ('90', 'Rome', 0, 3);

INSERT INTO questions (id, type, question, category, difficulty) VALUES ('91', 'trivia', 'Who wrote "The Catcher in the Rye"?', 'Literature', 'medium');
INSERT INTO answers (question_id, answer_text, is_correct, answer_order) VALUES ('91', 'J.D. Salinger', 1, 0);
INSERT INTO answers (question_id, answer_text, is_correct, answer_order) VALUES ('91', 'Jack Kerouac', 0, 1);
INSERT INTO answers (question_id, answer_text, is_correct, answer_order) VALUES ('91', 'Kurt Vonnegut', 0, 2);
INSERT INTO answers (question_id, answer_text, is_correct, answer_order) VALUES ('91', 'Ray Bradbury', 0, 3);

INSERT INTO questions (id, type, question, category, difficulty) VALUES ('92', 'trivia', 'Which author created Sherlock Holmes?', 'Literature', 'easy');
INSERT INTO answers (question_id, answer_text, is_correct, answer_order) VALUES ('92', 'Agatha Christie', 0, 0);
INSERT INTO answers (question_id, answer_text, is_correct, answer_order) VALUES ('92', 'Arthur Conan Doyle', 1, 1);
INSERT INTO answers (question_id, answer_text, is_correct, answer_order) VALUES ('92', 'Edgar Allan Poe', 0, 2);
INSERT INTO answers (question_id, answer_text, is_correct, answer_order) VALUES ('92', 'Raymond Chandler', 0, 3);

INSERT INTO questions (id, type, question, category, difficulty) VALUES ('93', 'trivia', 'Who wrote "War and Peace"?', 'Literature', 'medium');
INSERT INTO answers (question_id, answer_text, is_correct, answer_order) VALUES ('93', 'Fyodor Dostoevsky', 0, 0);
INSERT INTO answers (question_id, answer_text, is_correct, answer_order) VALUES ('93', 'Leo Tolstoy', 1, 1);
INSERT INTO answers (question_id, answer_text, is_correct, answer_order) VALUES ('93', 'Anton Chekhov', 0, 2);
INSERT INTO answers (question_id, answer_text, is_correct, answer_order) VALUES ('93', 'Ivan Turgenev', 0, 3);

INSERT INTO questions (id, type, question, category, difficulty) VALUES ('94', 'trivia', 'What is the last book of the Bible?', 'Literature', 'medium');
INSERT INTO answers (question_id, answer_text, is_correct, answer_order) VALUES ('94', 'Genesis', 0, 0);
INSERT INTO answers (question_id, answer_text, is_correct, answer_order) VALUES ('94', 'Psalms', 0, 1);
INSERT INTO answers (question_id, answer_text, is_correct, answer_order) VALUES ('94', 'Acts', 0, 2);
INSERT INTO answers (question_id, answer_text, is_correct, answer_order) VALUES ('94', 'Revelation', 1, 3);

INSERT INTO questions (id, type, question, category, difficulty) VALUES ('95', 'trivia', 'Who wrote "The Odyssey"?', 'Literature', 'medium');
INSERT INTO answers (question_id, answer_text, is_correct, answer_order) VALUES ('95', 'Virgil', 0, 0);
INSERT INTO answers (question_id, answer_text, is_correct, answer_order) VALUES ('95', 'Homer', 1, 1);
INSERT INTO answers (question_id, answer_text, is_correct, answer_order) VALUES ('95', 'Sophocles', 0, 2);
INSERT INTO answers (question_id, answer_text, is_correct, answer_order) VALUES ('95', 'Plato', 0, 3);

INSERT INTO questions (id, type, question, category, difficulty) VALUES ('96', 'trivia', 'Who painted "The Starry Night"?', 'Art', 'easy');
INSERT INTO answers (question_id, answer_text, is_correct, answer_order) VALUES ('96', 'Claude Monet', 0, 0);
INSERT INTO answers (question_id, answer_text, is_correct, answer_order) VALUES ('96', 'Vincent van Gogh', 1, 1);
INSERT INTO answers (question_id, answer_text, is_correct, answer_order) VALUES ('96', 'Pablo Picasso', 0, 2);
INSERT INTO answers (question_id, answer_text, is_correct, answer_order) VALUES ('96', 'Salvador Dalí', 0, 3);

INSERT INTO questions (id, type, question, category, difficulty) VALUES ('97', 'trivia', 'In which museum is the Mona Lisa displayed?', 'Art', 'easy');
INSERT INTO answers (question_id, answer_text, is_correct, answer_order) VALUES ('97', 'The Met', 0, 0);
INSERT INTO answers (question_id, answer_text, is_correct, answer_order) VALUES ('97', 'The Louvre', 1, 1);
INSERT INTO answers (question_id, answer_text, is_correct, answer_order) VALUES ('97', 'Uffizi Gallery', 0, 2);
INSERT INTO answers (question_id, answer_text, is_correct, answer_order) VALUES ('97', 'Prado Museum', 0, 3);

INSERT INTO questions (id, type, question, category, difficulty) VALUES ('98', 'trivia', 'Who sculpted "David"?', 'Art', 'medium');
INSERT INTO answers (question_id, answer_text, is_correct, answer_order) VALUES ('98', 'Donatello', 0, 0);
INSERT INTO answers (question_id, answer_text, is_correct, answer_order) VALUES ('98', 'Michelangelo', 1, 1);
INSERT INTO answers (question_id, answer_text, is_correct, answer_order) VALUES ('98', 'Bernini', 0, 2);
INSERT INTO answers (question_id, answer_text, is_correct, answer_order) VALUES ('98', 'Rodin', 0, 3);

INSERT INTO questions (id, type, question, category, difficulty) VALUES ('99', 'trivia', 'Which artistic movement did Pablo Picasso co-found?', 'Art', 'medium');
INSERT INTO answers (question_id, answer_text, is_correct, answer_order) VALUES ('99', 'Impressionism', 0, 0);
INSERT INTO answers (question_id, answer_text, is_correct, answer_order) VALUES ('99', 'Surrealism', 0, 1);
INSERT INTO answers (question_id, answer_text, is_correct, answer_order) VALUES ('99', 'Cubism', 1, 2);
INSERT INTO answers (question_id, answer_text, is_correct, answer_order) VALUES ('99', 'Expressionism', 0, 3);

INSERT INTO questions (id, type, question, category, difficulty) VALUES ('100', 'trivia', 'Who painted "The Birth of Venus"?', 'Art', 'hard');
INSERT INTO answers (question_id, answer_text, is_correct, answer_order) VALUES ('100', 'Leonardo da Vinci', 0, 0);
INSERT INTO answers (question_id, answer_text, is_correct, answer_order) VALUES ('100', 'Sandro Botticelli', 1, 1);
INSERT INTO answers (question_id, answer_text, is_correct, answer_order) VALUES ('100', 'Raphael', 0, 2);
INSERT INTO answers (question_id, answer_text, is_correct, answer_order) VALUES ('100', 'Titian', 0, 3);

INSERT INTO questions (id, type, question, category, difficulty) VALUES ('101', 'trivia', 'What nationality was Frida Kahlo?', 'Art', 'easy');
INSERT INTO answers (question_id, answer_text, is_correct, answer_order) VALUES ('101', 'Spanish', 0, 0);
INSERT INTO answers (question_id, answer_text, is_correct, answer_order) VALUES ('101', 'Mexican', 1, 1);
INSERT INTO answers (question_id, answer_text, is_correct, answer_order) VALUES ('101', 'Argentine', 0, 2);
INSERT INTO answers (question_id, answer_text, is_correct, answer_order) VALUES ('101', 'Colombian', 0, 3);

INSERT INTO questions (id, type, question, category, difficulty) VALUES ('102', 'trivia', 'Who painted "The Persistence of Memory" with melting clocks?', 'Art', 'medium');
INSERT INTO answers (question_id, answer_text, is_correct, answer_order) VALUES ('102', 'René Magritte', 0, 0);
INSERT INTO answers (question_id, answer_text, is_correct, answer_order) VALUES ('102', 'Salvador Dalí', 1, 1);
INSERT INTO answers (question_id, answer_text, is_correct, answer_order) VALUES ('102', 'Joan Miró', 0, 2);
INSERT INTO answers (question_id, answer_text, is_correct, answer_order) VALUES ('102', 'Max Ernst', 0, 3);

INSERT INTO questions (id, type, question, category, difficulty) VALUES ('103', 'trivia', 'Which artist cut off his own ear?', 'Art', 'easy');
INSERT INTO answers (question_id, answer_text, is_correct, answer_order) VALUES ('103', 'Paul Gauguin', 0, 0);
INSERT INTO answers (question_id, answer_text, is_correct, answer_order) VALUES ('103', 'Vincent van Gogh', 1, 1);
INSERT INTO answers (question_id, answer_text, is_correct, answer_order) VALUES ('103', 'Henri de Toulouse-Lautrec', 0, 2);
INSERT INTO answers (question_id, answer_text, is_correct, answer_order) VALUES ('103', 'Paul Cézanne', 0, 3);

INSERT INTO questions (id, type, question, category, difficulty) VALUES ('104', 'trivia', 'Who painted the ceiling of the Sistine Chapel?', 'Art', 'easy');
INSERT INTO answers (question_id, answer_text, is_correct, answer_order) VALUES ('104', 'Leonardo da Vinci', 0, 0);
INSERT INTO answers (question_id, answer_text, is_correct, answer_order) VALUES ('104', 'Raphael', 0, 1);
INSERT INTO answers (question_id, answer_text, is_correct, answer_order) VALUES ('104', 'Michelangelo', 1, 2);
INSERT INTO answers (question_id, answer_text, is_correct, answer_order) VALUES ('104', 'Caravaggio', 0, 3);

INSERT INTO questions (id, type, question, category, difficulty) VALUES ('105', 'trivia', 'What art movement was Andy Warhol associated with?', 'Art', 'medium');
INSERT INTO answers (question_id, answer_text, is_correct, answer_order) VALUES ('105', 'Abstract Expressionism', 0, 0);
INSERT INTO answers (question_id, answer_text, is_correct, answer_order) VALUES ('105', 'Pop Art', 1, 1);
INSERT INTO answers (question_id, answer_text, is_correct, answer_order) VALUES ('105', 'Minimalism', 0, 2);
INSERT INTO answers (question_id, answer_text, is_correct, answer_order) VALUES ('105', 'Dadaism', 0, 3);

INSERT INTO questions (id, type, question, category, difficulty) VALUES ('106', 'trivia', 'Who composed "The Magic Flute"?', 'Music', 'medium');
INSERT INTO answers (question_id, answer_text, is_correct, answer_order) VALUES ('106', 'Bach', 0, 0);
INSERT INTO answers (question_id, answer_text, is_correct, answer_order) VALUES ('106', 'Mozart', 1, 1);
INSERT INTO answers (question_id, answer_text, is_correct, answer_order) VALUES ('106', 'Beethoven', 0, 2);
INSERT INTO answers (question_id, answer_text, is_correct, answer_order) VALUES ('106', 'Haydn', 0, 3);

INSERT INTO questions (id, type, question, category, difficulty) VALUES ('107', 'trivia', 'How many strings does a standard guitar have?', 'Music', 'easy');
INSERT INTO answers (question_id, answer_text, is_correct, answer_order) VALUES ('107', '4', 0, 0);
INSERT INTO answers (question_id, answer_text, is_correct, answer_order) VALUES ('107', '5', 0, 1);
INSERT INTO answers (question_id, answer_text, is_correct, answer_order) VALUES ('107', '6', 1, 2);
INSERT INTO answers (question_id, answer_text, is_correct, answer_order) VALUES ('107', '7', 0, 3);

INSERT INTO questions (id, type, question, category, difficulty) VALUES ('108', 'trivia', 'Which band released the album "Dark Side of the Moon"?', 'Music', 'medium');
INSERT INTO answers (question_id, answer_text, is_correct, answer_order) VALUES ('108', 'The Beatles', 0, 0);
INSERT INTO answers (question_id, answer_text, is_correct, answer_order) VALUES ('108', 'Led Zeppelin', 0, 1);
INSERT INTO answers (question_id, answer_text, is_correct, answer_order) VALUES ('108', 'Pink Floyd', 1, 2);
INSERT INTO answers (question_id, answer_text, is_correct, answer_order) VALUES ('108', 'The Rolling Stones', 0, 3);

INSERT INTO questions (id, type, question, category, difficulty) VALUES ('109', 'trivia', 'Who is known as the "King of Pop"?', 'Music', 'easy');
INSERT INTO answers (question_id, answer_text, is_correct, answer_order) VALUES ('109', 'Elvis Presley', 0, 0);
INSERT INTO answers (question_id, answer_text, is_correct, answer_order) VALUES ('109', 'Michael Jackson', 1, 1);
INSERT INTO answers (question_id, answer_text, is_correct, answer_order) VALUES ('109', 'Prince', 0, 2);
INSERT INTO answers (question_id, answer_text, is_correct, answer_order) VALUES ('109', 'Justin Timberlake', 0, 3);

INSERT INTO questions (id, type, question, category, difficulty) VALUES ('110', 'trivia', 'Which composer wrote the "Moonlight Sonata"?', 'Music', 'medium');
INSERT INTO answers (question_id, answer_text, is_correct, answer_order) VALUES ('110', 'Mozart', 0, 0);
INSERT INTO answers (question_id, answer_text, is_correct, answer_order) VALUES ('110', 'Bach', 0, 1);
INSERT INTO answers (question_id, answer_text, is_correct, answer_order) VALUES ('110', 'Beethoven', 1, 2);
INSERT INTO answers (question_id, answer_text, is_correct, answer_order) VALUES ('110', 'Chopin', 0, 3);

INSERT INTO questions (id, type, question, category, difficulty) VALUES ('111', 'trivia', 'What instrument did Louis Armstrong famously play?', 'Music', 'medium');
INSERT INTO answers (question_id, answer_text, is_correct, answer_order) VALUES ('111', 'Saxophone', 0, 0);
INSERT INTO answers (question_id, answer_text, is_correct, answer_order) VALUES ('111', 'Trumpet', 1, 1);
INSERT INTO answers (question_id, answer_text, is_correct, answer_order) VALUES ('111', 'Trombone', 0, 2);
INSERT INTO answers (question_id, answer_text, is_correct, answer_order) VALUES ('111', 'Clarinet', 0, 3);

INSERT INTO questions (id, type, question, category, difficulty) VALUES ('112', 'trivia', 'Which Beatles member was assassinated in 1980?', 'Music', 'easy');
INSERT INTO answers (question_id, answer_text, is_correct, answer_order) VALUES ('112', 'Paul McCartney', 0, 0);
INSERT INTO answers (question_id, answer_text, is_correct, answer_order) VALUES ('112', 'John Lennon', 1, 1);
INSERT INTO answers (question_id, answer_text, is_correct, answer_order) VALUES ('112', 'George Harrison', 0, 2);
INSERT INTO answers (question_id, answer_text, is_correct, answer_order) VALUES ('112', 'Ringo Starr', 0, 3);

INSERT INTO questions (id, type, question, category, difficulty) VALUES ('113', 'trivia', 'What does a cappella mean?', 'Music', 'medium');
INSERT INTO answers (question_id, answer_text, is_correct, answer_order) VALUES ('113', 'With orchestra', 0, 0);
INSERT INTO answers (question_id, answer_text, is_correct, answer_order) VALUES ('113', 'Without instruments', 1, 1);
INSERT INTO answers (question_id, answer_text, is_correct, answer_order) VALUES ('113', 'Very loud', 0, 2);
INSERT INTO answers (question_id, answer_text, is_correct, answer_order) VALUES ('113', 'Very soft', 0, 3);

INSERT INTO questions (id, type, question, category, difficulty) VALUES ('114', 'trivia', 'Who composed "The Nutcracker"?', 'Music', 'medium');
INSERT INTO answers (question_id, answer_text, is_correct, answer_order) VALUES ('114', 'Rachmaninoff', 0, 0);
INSERT INTO answers (question_id, answer_text, is_correct, answer_order) VALUES ('114', 'Tchaikovsky', 1, 1);
INSERT INTO answers (question_id, answer_text, is_correct, answer_order) VALUES ('114', 'Stravinsky', 0, 2);
INSERT INTO answers (question_id, answer_text, is_correct, answer_order) VALUES ('114', 'Prokofiev', 0, 3);

INSERT INTO questions (id, type, question, category, difficulty) VALUES ('115', 'trivia', 'How many keys does a standard piano have?', 'Music', 'medium');
INSERT INTO answers (question_id, answer_text, is_correct, answer_order) VALUES ('115', '76', 0, 0);
INSERT INTO answers (question_id, answer_text, is_correct, answer_order) VALUES ('115', '82', 0, 1);
INSERT INTO answers (question_id, answer_text, is_correct, answer_order) VALUES ('115', '88', 1, 2);
INSERT INTO answers (question_id, answer_text, is_correct, answer_order) VALUES ('115', '92', 0, 3);

INSERT INTO questions (id, type, question, category, difficulty) VALUES ('116', 'trivia', 'What is 15 x 15?', 'Mathematics', 'easy');
INSERT INTO answers (question_id, answer_text, is_correct, answer_order) VALUES ('116', '215', 0, 0);
INSERT INTO answers (question_id, answer_text, is_correct, answer_order) VALUES ('116', '225', 1, 1);
INSERT INTO answers (question_id, answer_text, is_correct, answer_order) VALUES ('116', '235', 0, 2);
INSERT INTO answers (question_id, answer_text, is_correct, answer_order) VALUES ('116', '245', 0, 3);

INSERT INTO questions (id, type, question, category, difficulty) VALUES ('117', 'trivia', 'What is the value of pi to two decimal places?', 'Mathematics', 'easy');
INSERT INTO answers (question_id, answer_text, is_correct, answer_order) VALUES ('117', '3.12', 0, 0);
INSERT INTO answers (question_id, answer_text, is_correct, answer_order) VALUES ('117', '3.14', 1, 1);
INSERT INTO answers (question_id, answer_text, is_correct, answer_order) VALUES ('117', '3.16', 0, 2);
INSERT INTO answers (question_id, answer_text, is_correct, answer_order) VALUES ('117', '3.18', 0, 3);

INSERT INTO questions (id, type, question, category, difficulty) VALUES (118, 'trivia', 'How many degrees in a right angle?', 'Mathematics', 'easy');
INSERT INTO answers (question_id, answer_text, is_correct, answer_order) VALUES ('118', '45', 0, 0);
INSERT INTO answers (question_id, answer_text, is_correct, answer_order) VALUES ('118', '60', 0, 1);
INSERT INTO answers (question_id, answer_text, is_correct, answer_order) VALUES ('118', '90', 1, 2);
INSERT INTO answers (question_id, answer_text, is_correct, answer_order) VALUES ('118', '180', 0, 3);

INSERT INTO questions (id, type, question, category, difficulty) VALUES ('119', 'trivia', 'What is the next prime number after 7?', 'Mathematics', 'medium');
INSERT INTO answers (question_id, answer_text, is_correct, answer_order) VALUES ('119', '9', 0, 0);
INSERT INTO answers (question_id, answer_text, is_correct, answer_order) VALUES ('119', '11', 1, 1);
INSERT INTO answers (question_id, answer_text, is_correct, answer_order) VALUES ('119', '13', 0, 2);
INSERT INTO answers (question_id, answer_text, is_correct, answer_order) VALUES ('119', '15', 0, 3);

INSERT INTO questions (id, type, question, category, difficulty) VALUES ('120', 'trivia', 'What is the sum of angles in a triangle?', 'Mathematics', 'easy');
INSERT INTO answers (question_id, answer_text, is_correct, answer_order) VALUES ('120', '90°', 0, 0);
INSERT INTO answers (question_id, answer_text, is_correct, answer_order) VALUES ('120', '180°', 1, 1);
INSERT INTO answers (question_id, answer_text, is_correct, answer_order) VALUES ('120', '270°', 0, 2);
INSERT INTO answers (question_id, answer_text, is_correct, answer_order) VALUES ('120', '360°', 0, 3);

INSERT INTO questions (id, type, question, category, difficulty) VALUES ('121', 'question', 'What is the cube root of 27?', 'Mathematics', 'easy');
INSERT INTO text_answers (question_id, correct_answer, is_primary) VALUES ('121', '3', 1);
INSERT INTO text_answers (question_id, correct_answer, is_primary) VALUES ('121', 'three', 0);

INSERT INTO questions (id, type, question, category, difficulty) VALUES ('122', 'question', 'What is 50% of 200?', 'Mathematics', 'easy');
INSERT INTO text_answers (question_id, correct_answer, is_primary) VALUES ('122', '100', 1);
INSERT INTO text_answers (question_id, correct_answer, is_primary) VALUES ('122', 'one hundred', 0);

INSERT INTO questions (id, type, question, category, difficulty) VALUES ('123', 'question', 'How many sides does a hexagon have?', 'Mathematics', 'easy');
INSERT INTO text_answers (question_id, correct_answer, is_primary) VALUES ('123', '6', 1);
INSERT INTO text_answers (question_id, correct_answer, is_primary) VALUES ('123', 'six', 0);

INSERT INTO questions (id, type, question, category, difficulty) VALUES ('124', 'question', 'What is the Roman numeral for 50?', 'Mathematics', 'medium');
INSERT INTO text_answers (question_id, correct_answer, is_primary) VALUES ('124', 'L', 1);
INSERT INTO text_answers (question_id, correct_answer, is_primary) VALUES ('124', 'l', 0);

INSERT INTO questions (id, type, question, category, difficulty) VALUES ('125', 'question', 'What is the factorial of 5 (5!)?', 'Mathematics', 'hard');
INSERT INTO text_answers (question_id, correct_answer, is_primary) VALUES ('125', '120', 1);
INSERT INTO text_answers (question_id, correct_answer, is_primary) VALUES ('125', 'one hundred twenty', 0);
